dataset_index,y_true,y_pred,prediction_correcte,probabilite_classe_0,probabilite_classe_1,probabilite_classe_2
293,1,1,True,0.16395913103609247,0.6909136996869055,0.14512716927700114
1756,0,0,True,0.6268767790803954,0.2016314917653981,0.1714917291542051
626,1,1,True,0.1561637730293697,0.7056556654407747,0.13818056152985508
2282,1,1,True,0.17374824548186735,0.6415440122782785,0.1847077422398539
1793,1,0,False,0.6542184696639326,0.1695121140888524,0.17626941624721354
839,1,0,False,0.6542184696639326,0.1695121140888524,0.17626941624721354
352,1,1,True,0.17374824548186735,0.6415440122782785,0.1847077422398539
1026,0,1,False,0.1561637730293697,0.7056556654407747,0.13818056152985508
1057,0,0,True,0.6717555875304463,0.1587529239516932,0.169491488517859
515,1,1,True,0.17374824548186735,0.6415440122782785,0.1847077422398539
548,2,0,False,0.6268767790803954,0.2016314917653981,0.1714917291542051
1186,1,0,False,0.4093217360369588,0.30837208547758793,0.28230617848545353
1210,1,1,True,0.16395913103609247,0.6909136996869055,0.14512716927700114
481,0,0,True,0.6542184696639326,0.1695121140888524,0.17626941624721354
1537,2,2,True,0.22236162011159252,0.15142370706698124,0.6262146728214261
1892,2,2,True,0.17855295806224358,0.196268267796044,0.6251787741417126
2267,1,2,False,0.17855295806224358,0.196268267796044,0.6251787741417126
416,0,0,True,0.6717555875304463,0.1587529239516932,0.169491488517859
241,1,1,True,0.1561637730293697,0.7056556654407747,0.13818056152985508
1817,1,1,True,0.16395913103609247,0.6909136996869055,0.14512716927700114
1295,1,0,False,0.6542184696639326,0.1695121140888524,0.17626941624721354
443,0,0,True,0.6542184696639326,0.1695121140888524,0.17626941624721354
1927,0,0,True,0.6542184696639326,0.1695121140888524,0.17626941624721354
572,0,0,True,0.6542184696639326,0.1695121140888524,0.17626941624721354
524,1,1,True,0.16395913103609247,0.6909136996869055,0.14512716927700114
1523,2,2,True,0.15865607261384992,0.1316978498537903,0.7096460775323592
292,1,0,False,0.6542184696639326,0.1695121140888524,0.17626941624721354
885,1,1,True,0.17374824548186735,0.6415440122782785,0.1847077422398539
1850,2,0,False,0.6268767790803954,0.2016314917653981,0.1714917291542051
1702,0,1,False,0.16395913103609247,0.6909136996869055,0.14512716927700114
1539,0,2,False,0.22236162011159252,0.15142370706698124,0.6262146728214261
2047,0,0,True,0.6717555875304463,0.1587529239516932,0.169491488517859
1952,1,1,True,0.1561637730293697,0.7056556654407747,0.13818056152985508
1565,1,1,True,0.17374824548186735,0.6415440122782785,0.1847077422398539
87,0,0,True,0.6268767790803954,0.2016314917653981,0.1714917291542051
1953,1,0,False,0.6717555875304463,0.1587529239516932,0.169491488517859
1267,0,2,False,0.22236162011159252,0.15142370706698124,0.6262146728214261
1412,1,1,True,0.16395913103609247,0.6909136996869055,0.14512716927700114
48,0,0,True,0.6268767790803954,0.2016314917653981,0.1714917291542051
473,2,1,False,0.17374824548186735,0.6415440122782785,0.1847077422398539
327,2,2,True,0.17855295806224358,0.196268267796044,0.6251787741417126
571,1,0,False,0.4093217360369588,0.30837208547758793,0.28230617848545353
1220,0,0,True,0.6717555875304463,0.1587529239516932,0.169491488517859
2173,0,1,False,0.1561637730293697,0.7056556654407747,0.13818056152985508
1629,2,2,True,0.22236162011159252,0.15142370706698124,0.6262146728214261
650,0,0,True,0.6542184696639326,0.1695121140888524,0.17626941624721354
940,1,2,False,0.15865607261384992,0.1316978498537903,0.7096460775323592
2291,0,0,True,0.6717555875304463,0.1587529239516932,0.169491488517859
1964,1,0,False,0.6268767790803954,0.2016314917653981,0.1714917291542051
2470,0,2,False,0.22236162011159252,0.15142370706698124,0.6262146728214261
2474,1,1,True,0.16395913103609247,0.6909136996869055,0.14512716927700114
778,2,2,True,0.17855295806224358,0.196268267796044,0.6251787741417126
752,1,1,True,0.1561637730293697,0.7056556654407747,0.13818056152985508
1347,0,0,True,0.4093217360369588,0.30837208547758793,0.28230617848545353
1931,1,1,True,0.1561637730293697,0.7056556654407747,0.13818056152985508
2177,0,0,True,0.6268767790803954,0.2016314917653981,0.1714917291542051
14,1,1,True,0.1561637730293697,0.7056556654407747,0.13818056152985508
1798,0,0,True,0.6542184696639326,0.1695121140888524,0.17626941624721354
1951,1,0,False,0.4093217360369588,0.30837208547758793,0.28230617848545353
2427,0,0,True,0.6268767790803954,0.2016314917653981,0.1714917291542051
831,1,0,False,0.6542184696639326,0.1695121140888524,0.17626941624721354
1930,0,0,True,0.6268767790803954,0.2016314917653981,0.1714917291542051
134,0,0,True,0.6542184696639326,0.1695121140888524,0.17626941624721354
1995,1,2,False,0.15865607261384992,0.1316978498537903,0.7096460775323592
0,1,1,True,0.1561637730293697,0.7056556654407747,0.13818056152985508
1489,0,0,True,0.6542184696639326,0.1695121140888524,0.17626941624721354
4,0,1,False,0.16395913103609247,0.6909136996869055,0.14512716927700114
145,0,0,True,0.6717555875304463,0.1587529239516932,0.169491488517859
2133,1,2,False,0.17855295806224358,0.196268267796044,0.6251787741417126
2093,1,1,True,0.1561637730293697,0.7056556654407747,0.13818056152985508
105,1,0,False,0.4093217360369588,0.30837208547758793,0.28230617848545353
1948,0,2,False,0.17855295806224358,0.196268267796044,0.6251787741417126
616,0,0,True,0.6542184696639326,0.1695121140888524,0.17626941624721354
318,0,0,True,0.6268767790803954,0.2016314917653981,0.1714917291542051
1728,0,0,True,0.6717555875304463,0.1587529239516932,0.169491488517859
1092,1,1,True,0.17374824548186735,0.6415440122782785,0.1847077422398539
1768,1,1,True,0.1561637730293697,0.7056556654407747,0.13818056152985508
2233,0,2,False,0.17855295806224358,0.196268267796044,0.6251787741417126
1780,0,0,True,0.6717555875304463,0.1587529239516932,0.169491488517859
715,0,0,True,0.6542184696639326,0.1695121140888524,0.17626941624721354
368,2,2,True,0.22236162011159252,0.15142370706698124,0.6262146728214261
1261,2,2,True,0.22236162011159252,0.15142370706698124,0.6262146728214261
1656,2,2,True,0.17855295806224358,0.196268267796044,0.6251787741417126
2064,0,0,True,0.6542184696639326,0.1695121140888524,0.17626941624721354
1529,0,0,True,0.6717555875304463,0.1587529239516932,0.169491488517859
983,0,0,True,0.6268767790803954,0.2016314917653981,0.1714917291542051
1980,2,2,True,0.15865607261384992,0.1316978498537903,0.7096460775323592
1694,1,2,False,0.22236162011159252,0.15142370706698124,0.6262146728214261
79,2,1,False,0.1561637730293697,0.7056556654407747,0.13818056152985508
1690,2,2,True,0.22236162011159252,0.15142370706698124,0.6262146728214261
2077,1,1,True,0.16395913103609247,0.6909136996869055,0.14512716927700114
1556,1,1,True,0.1561637730293697,0.7056556654407747,0.13818056152985508
892,1,2,False,0.15865607261384992,0.1316978498537903,0.7096460775323592
199,1,1,True,0.16395913103609247,0.6909136996869055,0.14512716927700114
825,2,1,False,0.16395913103609247,0.6909136996869055,0.14512716927700114
678,2,2,True,0.15865607261384992,0.1316978498537903,0.7096460775323592
1235,1,1,True,0.1561637730293697,0.7056556654407747,0.13818056152985508
328,1,1,True,0.17374824548186735,0.6415440122782785,0.1847077422398539
246,1,1,True,0.1561637730293697,0.7056556654407747,0.13818056152985508
2117,2,0,False,0.6268767790803954,0.2016314917653981,0.1714917291542051
1922,0,2,False,0.15865607261384992,0.1316978498537903,0.7096460775323592
791,1,1,True,0.1561637730293697,0.7056556654407747,0.13818056152985508
1308,0,2,False,0.17855295806224358,0.196268267796044,0.6251787741417126
2462,1,0,False,0.6717555875304463,0.1587529239516932,0.169491488517859
707,1,1,True,0.1561637730293697,0.7056556654407747,0.13818056152985508
1463,1,2,False,0.15865607261384992,0.1316978498537903,0.7096460775323592
2210,1,1,True,0.17374824548186735,0.6415440122782785,0.1847077422398539
764,1,0,False,0.6717555875304463,0.1587529239516932,0.169491488517859
125,0,1,False,0.16395913103609247,0.6909136996869055,0.14512716927700114
1513,2,1,False,0.17374824548186735,0.6415440122782785,0.1847077422398539
1377,1,1,True,0.16395913103609247,0.6909136996869055,0.14512716927700114
488,1,1,True,0.16395913103609247,0.6909136996869055,0.14512716927700114
83,0,0,True,0.6542184696639326,0.1695121140888524,0.17626941624721354
658,2,2,True,0.22236162011159252,0.15142370706698124,0.6262146728214261
911,0,0,True,0.6717555875304463,0.1587529239516932,0.169491488517859
1918,0,0,True,0.6268767790803954,0.2016314917653981,0.1714917291542051
1048,1,0,False,0.6542184696639326,0.1695121140888524,0.17626941624721354
1107,1,1,True,0.17374824548186735,0.6415440122782785,0.1847077422398539
1701,2,2,True,0.17855295806224358,0.196268267796044,0.6251787741417126
1022,0,1,False,0.16395913103609247,0.6909136996869055,0.14512716927700114
2011,1,1,True,0.17374824548186735,0.6415440122782785,0.1847077422398539
27,1,0,False,0.6542184696639326,0.1695121140888524,0.17626941624721354
773,2,2,True,0.22236162011159252,0.15142370706698124,0.6262146728214261
557,1,1,True,0.17374824548186735,0.6415440122782785,0.1847077422398539
2461,1,1,True,0.17374824548186735,0.6415440122782785,0.1847077422398539
1575,2,0,False,0.6542184696639326,0.1695121140888524,0.17626941624721354
1506,0,0,True,0.6542184696639326,0.1695121140888524,0.17626941624721354
1746,2,2,True,0.17855295806224358,0.196268267796044,0.6251787741417126
446,2,2,True,0.17855295806224358,0.196268267796044,0.6251787741417126
1040,0,0,True,0.6268767790803954,0.2016314917653981,0.1714917291542051
1963,0,0,True,0.6542184696639326,0.1695121140888524,0.17626941624721354
2435,0,0,True,0.6542184696639326,0.1695121140888524,0.17626941624721354
1444,0,0,True,0.6268767790803954,0.2016314917653981,0.1714917291542051
313,0,0,True,0.6268767790803954,0.2016314917653981,0.1714917291542051
333,1,1,True,0.1561637730293697,0.7056556654407747,0.13818056152985508
1131,1,1,True,0.17374824548186735,0.6415440122782785,0.1847077422398539
1215,0,1,False,0.1561637730293697,0.7056556654407747,0.13818056152985508
1714,0,1,False,0.17374824548186735,0.6415440122782785,0.1847077422398539
350,1,2,False,0.15865607261384992,0.1316978498537903,0.7096460775323592
1914,1,1,True,0.16395913103609247,0.6909136996869055,0.14512716927700114
1582,1,0,False,0.6268767790803954,0.2016314917653981,0.1714917291542051
455,2,2,True,0.15865607261384992,0.1316978498537903,0.7096460775323592
729,1,1,True,0.1561637730293697,0.7056556654407747,0.13818056152985508
661,1,1,True,0.1561637730293697,0.7056556654407747,0.13818056152985508
1511,0,0,True,0.6717555875304463,0.1587529239516932,0.169491488517859
2058,0,2,False,0.22236162011159252,0.15142370706698124,0.6262146728214261
484,0,0,True,0.6542184696639326,0.1695121140888524,0.17626941624721354
1458,1,1,True,0.17374824548186735,0.6415440122782785,0.1847077422398539
1636,1,0,False,0.6542184696639326,0.1695121140888524,0.17626941624721354
695,1,1,True,0.1561637730293697,0.7056556654407747,0.13818056152985508
1837,0,1,False,0.17374824548186735,0.6415440122782785,0.1847077422398539
1184,1,1,True,0.16395913103609247,0.6909136996869055,0.14512716927700114
1528,1,1,True,0.17374824548186735,0.6415440122782785,0.1847077422398539
1715,0,0,True,0.6717555875304463,0.1587529239516932,0.169491488517859
2072,1,1,True,0.1561637730293697,0.7056556654407747,0.13818056152985508
1502,0,0,True,0.6268767790803954,0.2016314917653981,0.1714917291542051
1232,0,2,False,0.17855295806224358,0.196268267796044,0.6251787741417126
45,0,0,True,0.6268767790803954,0.2016314917653981,0.1714917291542051
417,1,1,True,0.16395913103609247,0.6909136996869055,0.14512716927700114
1628,0,0,True,0.6268767790803954,0.2016314917653981,0.1714917291542051
1816,0,0,True,0.6717555875304463,0.1587529239516932,0.169491488517859
1738,2,0,False,0.4093217360369588,0.30837208547758793,0.28230617848545353
229,1,1,True,0.16395913103609247,0.6909136996869055,0.14512716927700114
1001,0,0,True,0.6268767790803954,0.2016314917653981,0.1714917291542051
824,0,2,False,0.15865607261384992,0.1316978498537903,0.7096460775323592
191,1,2,False,0.15865607261384992,0.1316978498537903,0.7096460775323592
1438,1,2,False,0.22236162011159252,0.15142370706698124,0.6262146728214261
2037,0,0,True,0.6268767790803954,0.2016314917653981,0.1714917291542051
2340,0,0,True,0.6268767790803954,0.2016314917653981,0.1714917291542051
1868,1,1,True,0.1561637730293697,0.7056556654407747,0.13818056152985508
1097,1,1,True,0.16395913103609247,0.6909136996869055,0.14512716927700114
797,1,1,True,0.17374824548186735,0.6415440122782785,0.1847077422398539
2050,1,0,False,0.6717555875304463,0.1587529239516932,0.169491488517859
759,1,1,True,0.17374824548186735,0.6415440122782785,0.1847077422398539
72,0,2,False,0.15865607261384992,0.1316978498537903,0.7096460775323592
2125,0,0,True,0.6268767790803954,0.2016314917653981,0.1714917291542051
267,1,1,True,0.16395913103609247,0.6909136996869055,0.14512716927700114
2275,0,0,True,0.6268767790803954,0.2016314917653981,0.1714917291542051
1289,0,0,True,0.6717555875304463,0.1587529239516932,0.169491488517859
1456,1,1,True,0.16395913103609247,0.6909136996869055,0.14512716927700114
2163,1,1,True,0.1561637730293697,0.7056556654407747,0.13818056152985508
1103,2,2,True,0.15865607261384992,0.1316978498537903,0.7096460775323592
2111,1,1,True,0.17374824548186735,0.6415440122782785,0.1847077422398539
1696,1,1,True,0.1561637730293697,0.7056556654407747,0.13818056152985508
675,0,2,False,0.17855295806224358,0.196268267796044,0.6251787741417126
2085,1,1,True,0.1561637730293697,0.7056556654407747,0.13818056152985508
2229,1,1,True,0.1561637730293697,0.7056556654407747,0.13818056152985508
679,0,1,False,0.16395913103609247,0.6909136996869055,0.14512716927700114
2253,1,1,True,0.16395913103609247,0.6909136996869055,0.14512716927700114
1024,1,0,False,0.6717555875304463,0.1587529239516932,0.169491488517859
2176,1,1,True,0.1561637730293697,0.7056556654407747,0.13818056152985508
97,2,2,True,0.22236162011159252,0.15142370706698124,0.6262146728214261
2450,2,2,True,0.15865607261384992,0.1316978498537903,0.7096460775323592
491,2,2,True,0.17855295806224358,0.196268267796044,0.6251787741417126
355,1,1,True,0.16395913103609247,0.6909136996869055,0.14512716927700114
1084,2,2,True,0.22236162011159252,0.15142370706698124,0.6262146728214261
1385,0,1,False,0.16395913103609247,0.6909136996869055,0.14512716927700114
1391,2,1,False,0.16395913103609247,0.6909136996869055,0.14512716927700114
1901,0,0,True,0.6717555875304463,0.1587529239516932,0.169491488517859
1004,1,0,False,0.6717555875304463,0.1587529239516932,0.169491488517859
2266,1,1,True,0.17374824548186735,0.6415440122782785,0.1847077422398539
783,0,0,True,0.6717555875304463,0.1587529239516932,0.169491488517859
1553,1,1,True,0.16395913103609247,0.6909136996869055,0.14512716927700114
2020,2,1,False,0.17374824548186735,0.6415440122782785,0.1847077422398539
1851,0,2,False,0.17855295806224358,0.196268267796044,0.6251787741417126
1158,0,0,True,0.6542184696639326,0.1695121140888524,0.17626941624721354
390,1,1,True,0.17374824548186735,0.6415440122782785,0.1847077422398539
253,0,0,True,0.6542184696639326,0.1695121140888524,0.17626941624721354
1019,0,1,False,0.17374824548186735,0.6415440122782785,0.1847077422398539
1268,0,0,True,0.6268767790803954,0.2016314917653981,0.1714917291542051
1251,0,0,True,0.6542184696639326,0.1695121140888524,0.17626941624721354
1141,0,0,True,0.6717555875304463,0.1587529239516932,0.169491488517859
1406,2,2,True,0.22236162011159252,0.15142370706698124,0.6262146728214261
765,1,1,True,0.1561637730293697,0.7056556654407747,0.13818056152985508
11,1,0,False,0.6717555875304463,0.1587529239516932,0.169491488517859
1218,1,1,True,0.17374824548186735,0.6415440122782785,0.1847077422398539
1206,1,0,False,0.4093217360369588,0.30837208547758793,0.28230617848545353
1873,1,0,False,0.6542184696639326,0.1695121140888524,0.17626941624721354
332,1,1,True,0.16395913103609247,0.6909136996869055,0.14512716927700114
730,0,0,True,0.6268767790803954,0.2016314917653981,0.1714917291542051
346,1,1,True,0.17374824548186735,0.6415440122782785,0.1847077422398539
2010,1,0,False,0.6542184696639326,0.1695121140888524,0.17626941624721354
1266,0,1,False,0.17374824548186735,0.6415440122782785,0.1847077422398539
1761,1,1,True,0.17374824548186735,0.6415440122782785,0.1847077422398539
435,1,1,True,0.17374824548186735,0.6415440122782785,0.1847077422398539
1625,0,0,True,0.6717555875304463,0.1587529239516932,0.169491488517859
1359,0,0,True,0.6717555875304463,0.1587529239516932,0.169491488517859
2193,0,2,False,0.22236162011159252,0.15142370706698124,0.6262146728214261
997,2,0,False,0.6268767790803954,0.2016314917653981,0.1714917291542051
2074,0,0,True,0.6717555875304463,0.1587529239516932,0.169491488517859
420,0,1,False,0.1561637730293697,0.7056556654407747,0.13818056152985508
126,1,1,True,0.1561637730293697,0.7056556654407747,0.13818056152985508
1403,1,1,True,0.1561637730293697,0.7056556654407747,0.13818056152985508
185,0,0,True,0.6268767790803954,0.2016314917653981,0.1714917291542051
1791,2,2,True,0.15865607261384992,0.1316978498537903,0.7096460775323592
1917,1,1,True,0.17374824548186735,0.6415440122782785,0.1847077422398539
1476,1,0,False,0.6268767790803954,0.2016314917653981,0.1714917291542051
209,1,1,True,0.17374824548186735,0.6415440122782785,0.1847077422398539
2485,0,1,False,0.16395913103609247,0.6909136996869055,0.14512716927700114
8,0,2,False,0.15865607261384992,0.1316978498537903,0.7096460775323592
1571,1,1,True,0.17374824548186735,0.6415440122782785,0.1847077422398539
1077,0,2,False,0.15865607261384992,0.1316978498537903,0.7096460775323592
1508,0,0,True,0.6268767790803954,0.2016314917653981,0.1714917291542051
1954,1,2,False,0.15865607261384992,0.1316978498537903,0.7096460775323592
1050,0,0,True,0.6268767790803954,0.2016314917653981,0.1714917291542051
2263,1,2,False,0.15865607261384992,0.1316978498537903,0.7096460775323592
1920,0,0,True,0.6542184696639326,0.1695121140888524,0.17626941624721354
1589,0,0,True,0.6268767790803954,0.2016314917653981,0.1714917291542051
29,1,1,True,0.17374824548186735,0.6415440122782785,0.1847077422398539
1947,1,1,True,0.1561637730293697,0.7056556654407747,0.13818056152985508
1002,0,0,True,0.6268767790803954,0.2016314917653981,0.1714917291542051
2372,2,2,True,0.17855295806224358,0.196268267796044,0.6251787741417126
2262,1,0,False,0.6268767790803954,0.2016314917653981,0.1714917291542051
2324,1,1,True,0.16395913103609247,0.6909136996869055,0.14512716927700114
847,1,2,False,0.17855295806224358,0.196268267796044,0.6251787741417126
2030,0,0,True,0.6268767790803954,0.2016314917653981,0.1714917291542051
41,1,0,False,0.6717555875304463,0.1587529239516932,0.169491488517859
673,1,1,True,0.17374824548186735,0.6415440122782785,0.1847077422398539
10,1,1,True,0.16395913103609247,0.6909136996869055,0.14512716927700114
242,0,0,True,0.6717555875304463,0.1587529239516932,0.169491488517859
761,0,2,False,0.15865607261384992,0.1316978498537903,0.7096460775323592
69,1,2,False,0.17855295806224358,0.196268267796044,0.6251787741417126
566,0,0,True,0.6542184696639326,0.1695121140888524,0.17626941624721354
1864,1,1,True,0.17374824548186735,0.6415440122782785,0.1847077422398539
1722,2,1,False,0.1561637730293697,0.7056556654407747,0.13818056152985508
415,0,0,True,0.6542184696639326,0.1695121140888524,0.17626941624721354
2095,0,0,True,0.6542184696639326,0.1695121140888524,0.17626941624721354
1315,0,0,True,0.6717555875304463,0.1587529239516932,0.169491488517859
1202,1,1,True,0.16395913103609247,0.6909136996869055,0.14512716927700114
2156,0,0,True,0.6268767790803954,0.2016314917653981,0.1714917291542051
1540,2,2,True,0.17855295806224358,0.196268267796044,0.6251787741417126
143,0,2,False,0.17855295806224358,0.196268267796044,0.6251787741417126
2039,0,0,True,0.6542184696639326,0.1695121140888524,0.17626941624721354
1849,1,2,False,0.22236162011159252,0.15142370706698124,0.6262146728214261
2481,2,0,False,0.6542184696639326,0.1695121140888524,0.17626941624721354
2144,0,0,True,0.6717555875304463,0.1587529239516932,0.169491488517859
2116,1,1,True,0.17374824548186735,0.6415440122782785,0.1847077422398539
1285,1,1,True,0.17374824548186735,0.6415440122782785,0.1847077422398539
1316,0,1,False,0.1561637730293697,0.7056556654407747,0.13818056152985508
556,1,1,True,0.1561637730293697,0.7056556654407747,0.13818056152985508
284,1,1,True,0.1561637730293697,0.7056556654407747,0.13818056152985508
539,0,0,True,0.6717555875304463,0.1587529239516932,0.169491488517859
1419,2,2,True,0.15865607261384992,0.1316978498537903,0.7096460775323592
1304,1,2,False,0.15865607261384992,0.1316978498537903,0.7096460775323592
2240,0,0,True,0.6268767790803954,0.2016314917653981,0.1714917291542051
1336,0,0,True,0.6268767790803954,0.2016314917653981,0.1714917291542051
561,1,1,True,0.17374824548186735,0.6415440122782785,0.1847077422398539
818,0,2,False,0.17855295806224358,0.196268267796044,0.6251787741417126
1056,2,2,True,0.22236162011159252,0.15142370706698124,0.6262146728214261
404,2,0,False,0.4093217360369588,0.30837208547758793,0.28230617848545353
1351,1,1,True,0.17374824548186735,0.6415440122782785,0.1847077422398539
1275,1,1,True,0.16395913103609247,0.6909136996869055,0.14512716927700114
1504,1,0,False,0.6717555875304463,0.1587529239516932,0.169491488517859
1893,1,1,True,0.1561637730293697,0.7056556654407747,0.13818056152985508
294,0,0,True,0.6717555875304463,0.1587529239516932,0.169491488517859
201,0,0,True,0.6542184696639326,0.1695121140888524,0.17626941624721354
139,1,2,False,0.15865607261384992,0.1316978498537903,0.7096460775323592
897,0,0,True,0.6717555875304463,0.1587529239516932,0.169491488517859
414,1,0,False,0.6268767790803954,0.2016314917653981,0.1714917291542051
386,1,1,True,0.1561637730293697,0.7056556654407747,0.13818056152985508
316,2,2,True,0.15865607261384992,0.1316978498537903,0.7096460775323592
1675,1,2,False,0.17855295806224358,0.196268267796044,0.6251787741417126
1416,1,2,False,0.15865607261384992,0.1316978498537903,0.7096460775323592
528,0,0,True,0.6268767790803954,0.2016314917653981,0.1714917291542051
2317,1,1,True,0.1561637730293697,0.7056556654407747,0.13818056152985508
1830,1,0,False,0.6268767790803954,0.2016314917653981,0.1714917291542051
625,2,0,False,0.4093217360369588,0.30837208547758793,0.28230617848545353
1517,0,0,True,0.6542184696639326,0.1695121140888524,0.17626941624721354
1433,0,2,False,0.15865607261384992,0.1316978498537903,0.7096460775323592
227,0,1,False,0.16395913103609247,0.6909136996869055,0.14512716927700114
2053,0,0,True,0.6542184696639326,0.1695121140888524,0.17626941624721354
770,1,1,True,0.17374824548186735,0.6415440122782785,0.1847077422398539
53,2,1,False,0.17374824548186735,0.6415440122782785,0.1847077422398539
2319,0,0,True,0.6542184696639326,0.1695121140888524,0.17626941624721354
646,1,1,True,0.17374824548186735,0.6415440122782785,0.1847077422398539
1339,2,2,True,0.22236162011159252,0.15142370706698124,0.6262146728214261
1937,1,1,True,0.17374824548186735,0.6415440122782785,0.1847077422398539
1260,0,2,False,0.17855295806224358,0.196268267796044,0.6251787741417126
2022,1,1,True,0.1561637730293697,0.7056556654407747,0.13818056152985508
2348,1,2,False,0.15865607261384992,0.1316978498537903,0.7096460775323592
547,1,2,False,0.17855295806224358,0.196268267796044,0.6251787741417126
1617,1,1,True,0.16395913103609247,0.6909136996869055,0.14512716927700114
2166,0,1,False,0.16395913103609247,0.6909136996869055,0.14512716927700114
732,2,1,False,0.1561637730293697,0.7056556654407747,0.13818056152985508
1812,1,1,True,0.16395913103609247,0.6909136996869055,0.14512716927700114
1414,2,1,False,0.16395913103609247,0.6909136996869055,0.14512716927700114
1345,0,0,True,0.6268767790803954,0.2016314917653981,0.1714917291542051
1036,1,0,False,0.6717555875304463,0.1587529239516932,0.169491488517859
966,1,1,True,0.16395913103609247,0.6909136996869055,0.14512716927700114
1891,1,1,True,0.17374824548186735,0.6415440122782785,0.1847077422398539
705,1,1,True,0.16395913103609247,0.6909136996869055,0.14512716927700114
1559,2,2,True,0.22236162011159252,0.15142370706698124,0.6262146728214261
2311,1,1,True,0.1561637730293697,0.7056556654407747,0.13818056152985508
1112,2,2,True,0.22236162011159252,0.15142370706698124,0.6262146728214261
2245,1,1,True,0.17374824548186735,0.6415440122782785,0.1847077422398539
871,2,2,True,0.15865607261384992,0.1316978498537903,0.7096460775323592
1334,1,0,False,0.6542184696639326,0.1695121140888524,0.17626941624721354
2034,1,0,False,0.6268767790803954,0.2016314917653981,0.1714917291542051
592,2,2,True,0.17855295806224358,0.196268267796044,0.6251787741417126
418,2,2,True,0.17855295806224358,0.196268267796044,0.6251787741417126
829,0,0,True,0.6542184696639326,0.1695121140888524,0.17626941624721354
486,0,0,True,0.6542184696639326,0.1695121140888524,0.17626941624721354
347,1,0,False,0.6542184696639326,0.1695121140888524,0.17626941624721354
1885,1,1,True,0.16395913103609247,0.6909136996869055,0.14512716927700114
2165,2,2,True,0.17855295806224358,0.196268267796044,0.6251787741417126
2277,1,1,True,0.17374824548186735,0.6415440122782785,0.1847077422398539
2108,1,1,True,0.16395913103609247,0.6909136996869055,0.14512716927700114
1492,0,0,True,0.6717555875304463,0.1587529239516932,0.169491488517859
2322,0,1,False,0.16395913103609247,0.6909136996869055,0.14512716927700114
938,2,2,True,0.22236162011159252,0.15142370706698124,0.6262146728214261
1011,1,2,False,0.15865607261384992,0.1316978498537903,0.7096460775323592
1570,0,0,True,0.6542184696639326,0.1695121140888524,0.17626941624721354
2172,0,0,True,0.6268767790803954,0.2016314917653981,0.1714917291542051
1889,2,1,False,0.1561637730293697,0.7056556654407747,0.13818056152985508
1033,0,1,False,0.17374824548186735,0.6415440122782785,0.1847077422398539
231,0,1,False,0.17374824548186735,0.6415440122782785,0.1847077422398539
978,2,0,False,0.6542184696639326,0.1695121140888524,0.17626941624721354
585,1,1,True,0.1561637730293697,0.7056556654407747,0.13818056152985508
168,0,0,True,0.6717555875304463,0.1587529239516932,0.169491488517859
655,0,2,False,0.15865607261384992,0.1316978498537903,0.7096460775323592
1254,1,0,False,0.4093217360369588,0.30837208547758793,0.28230617848545353
1912,1,1,True,0.16395913103609247,0.6909136996869055,0.14512716927700114
621,1,1,True,0.16395913103609247,0.6909136996869055,0.14512716927700114
1352,2,2,True,0.17855295806224358,0.196268267796044,0.6251787741417126
31,0,0,True,0.6542184696639326,0.1695121140888524,0.17626941624721354
1863,1,0,False,0.6542184696639326,0.1695121140888524,0.17626941624721354
1532,0,0,True,0.6542184696639326,0.1695121140888524,0.17626941624721354
1692,1,1,True,0.16395913103609247,0.6909136996869055,0.14512716927700114
115,0,0,True,0.6268767790803954,0.2016314917653981,0.1714917291542051
1447,1,0,False,0.6268767790803954,0.2016314917653981,0.1714917291542051
2346,1,1,True,0.1561637730293697,0.7056556654407747,0.13818056152985508
1993,0,0,True,0.6717555875304463,0.1587529239516932,0.169491488517859
205,0,0,True,0.6542184696639326,0.1695121140888524,0.17626941624721354
329,0,0,True,0.4093217360369588,0.30837208547758793,0.28230617848545353
430,1,2,False,0.15865607261384992,0.1316978498537903,0.7096460775323592
973,0,0,True,0.6542184696639326,0.1695121140888524,0.17626941624721354
894,1,1,True,0.1561637730293697,0.7056556654407747,0.13818056152985508
952,1,0,False,0.4093217360369588,0.30837208547758793,0.28230617848545353
611,1,1,True,0.17374824548186735,0.6415440122782785,0.1847077422398539
2065,1,1,True,0.17374824548186735,0.6415440122782785,0.1847077422398539
2295,0,2,False,0.15865607261384992,0.1316978498537903,0.7096460775323592
1349,2,2,True,0.17855295806224358,0.196268267796044,0.6251787741417126
2268,1,1,True,0.1561637730293697,0.7056556654407747,0.13818056152985508
1397,0,0,True,0.6268767790803954,0.2016314917653981,0.1714917291542051
1231,0,0,True,0.6717555875304463,0.1587529239516932,0.169491488517859
2217,0,1,False,0.16395913103609247,0.6909136996869055,0.14512716927700114
320,1,2,False,0.22236162011159252,0.15142370706698124,0.6262146728214261
342,1,0,False,0.6268767790803954,0.2016314917653981,0.1714917291542051
527,2,0,False,0.6717555875304463,0.1587529239516932,0.169491488517859
1956,1,2,False,0.22236162011159252,0.15142370706698124,0.6262146728214261
1795,0,0,True,0.6717555875304463,0.1587529239516932,0.169491488517859
1614,1,1,True,0.1561637730293697,0.7056556654407747,0.13818056152985508
1119,0,0,True,0.6268767790803954,0.2016314917653981,0.1714917291542051
575,0,1,False,0.17374824548186735,0.6415440122782785,0.1847077422398539
1842,0,2,False,0.15865607261384992,0.1316978498537903,0.7096460775323592
2325,0,1,False,0.17374824548186735,0.6415440122782785,0.1847077422398539
2107,2,1,False,0.17374824548186735,0.6415440122782785,0.1847077422398539
1507,1,2,False,0.22236162011159252,0.15142370706698124,0.6262146728214261
620,2,2,True,0.15865607261384992,0.1316978498537903,0.7096460775323592
2455,1,1,True,0.17374824548186735,0.6415440122782785,0.1847077422398539
369,2,2,True,0.22236162011159252,0.15142370706698124,0.6262146728214261
1324,1,0,False,0.4093217360369588,0.30837208547758793,0.28230617848545353
1924,1,0,False,0.4093217360369588,0.30837208547758793,0.28230617848545353
2382,2,1,False,0.16395913103609247,0.6909136996869055,0.14512716927700114
1624,1,2,False,0.15865607261384992,0.1316978498537903,0.7096460775323592
224,1,1,True,0.16395913103609247,0.6909136996869055,0.14512716927700114
1845,0,2,False,0.15865607261384992,0.1316978498537903,0.7096460775323592
1475,2,2,True,0.17855295806224358,0.196268267796044,0.6251787741417126
261,1,1,True,0.1561637730293697,0.7056556654407747,0.13818056152985508
2209,1,1,True,0.17374824548186735,0.6415440122782785,0.1847077422398539
921,0,2,False,0.17855295806224358,0.196268267796044,0.6251787741417126
100,0,2,False,0.22236162011159252,0.15142370706698124,0.6262146728214261
1230,0,1,False,0.16395913103609247,0.6909136996869055,0.14512716927700114
1068,1,1,True,0.17374824548186735,0.6415440122782785,0.1847077422398539
451,2,2,True,0.17855295806224358,0.196268267796044,0.6251787741417126
1839,0,0,True,0.6542184696639326,0.1695121140888524,0.17626941624721354
782,1,1,True,0.16395913103609247,0.6909136996869055,0.14512716927700114
2355,2,2,True,0.15865607261384992,0.1316978498537903,0.7096460775323592
2394,2,1,False,0.1561637730293697,0.7056556654407747,0.13818056152985508
213,0,2,False,0.15865607261384992,0.1316978498537903,0.7096460775323592
2098,0,1,False,0.1561637730293697,0.7056556654407747,0.13818056152985508
961,1,1,True,0.17374824548186735,0.6415440122782785,0.1847077422398539
2162,1,1,True,0.1561637730293697,0.7056556654407747,0.13818056152985508
1545,1,1,True,0.16395913103609247,0.6909136996869055,0.14512716927700114
2257,1,1,True,0.1561637730293697,0.7056556654407747,0.13818056152985508
544,0,0,True,0.6542184696639326,0.1695121140888524,0.17626941624721354
235,0,0,True,0.6717555875304463,0.1587529239516932,0.169491488517859
742,2,2,True,0.17855295806224358,0.196268267796044,0.6251787741417126
348,0,0,True,0.6542184696639326,0.1695121140888524,0.17626941624721354
858,1,1,True,0.16395913103609247,0.6909136996869055,0.14512716927700114
499,1,1,True,0.1561637730293697,0.7056556654407747,0.13818056152985508
1179,1,1,True,0.1561637730293697,0.7056556654407747,0.13818056152985508
252,0,2,False,0.17855295806224358,0.196268267796044,0.6251787741417126
1486,2,2,True,0.17855295806224358,0.196268267796044,0.6251787741417126
920,1,1,True,0.16395913103609247,0.6909136996869055,0.14512716927700114
90,0,0,True,0.6717555875304463,0.1587529239516932,0.169491488517859
689,1,2,False,0.17855295806224358,0.196268267796044,0.6251787741417126
1086,2,0,False,0.6717555875304463,0.1587529239516932,0.169491488517859
2273,1,1,True,0.17374824548186735,0.6415440122782785,0.1847077422398539
2216,1,1,True,0.16395913103609247,0.6909136996869055,0.14512716927700114
33,0,2,False,0.15865607261384992,0.1316978498537903,0.7096460775323592
1509,0,0,True,0.6717555875304463,0.1587529239516932,0.169491488517859
1877,1,1,True,0.1561637730293697,0.7056556654407747,0.13818056152985508
1862,1,2,False,0.15865607261384992,0.1316978498537903,0.7096460775323592
428,0,0,True,0.6717555875304463,0.1587529239516932,0.169491488517859
977,1,1,True,0.1561637730293697,0.7056556654407747,0.13818056152985508
2279,2,1,False,0.1561637730293697,0.7056556654407747,0.13818056152985508
492,1,1,True,0.16395913103609247,0.6909136996869055,0.14512716927700114
2456,1,1,True,0.1561637730293697,0.7056556654407747,0.13818056152985508
59,1,0,False,0.6717555875304463,0.1587529239516932,0.169491488517859
218,2,2,True,0.17855295806224358,0.196268267796044,0.6251787741417126
521,0,1,False,0.1561637730293697,0.7056556654407747,0.13818056152985508
1455,1,1,True,0.17374824548186735,0.6415440122782785,0.1847077422398539
530,1,1,True,0.17374824548186735,0.6415440122782785,0.1847077422398539
1779,2,2,True,0.22236162011159252,0.15142370706698124,0.6262146728214261
714,0,0,True,0.6542184696639326,0.1695121140888524,0.17626941624721354
273,2,1,False,0.1561637730293697,0.7056556654407747,0.13818056152985508
477,1,1,True,0.1561637730293697,0.7056556654407747,0.13818056152985508
1985,2,2,True,0.15865607261384992,0.1316978498537903,0.7096460775323592
1802,0,0,True,0.6268767790803954,0.2016314917653981,0.1714917291542051
2096,1,1,True,0.16395913103609247,0.6909136996869055,0.14512716927700114
1365,2,1,False,0.16395913103609247,0.6909136996869055,0.14512716927700114
1380,2,1,False,0.17374824548186735,0.6415440122782785,0.1847077422398539
12,2,2,True,0.22236162011159252,0.15142370706698124,0.6262146728214261
607,2,2,True,0.22236162011159252,0.15142370706698124,0.6262146728214261
1533,2,1,False,0.16395913103609247,0.6909136996869055,0.14512716927700114
1337,1,1,True,0.17374824548186735,0.6415440122782785,0.1847077422398539
744,1,2,False,0.15865607261384992,0.1316978498537903,0.7096460775323592
1973,0,1,False,0.16395913103609247,0.6909136996869055,0.14512716927700114
1663,2,2,True,0.22236162011159252,0.15142370706698124,0.6262146728214261
1935,1,1,True,0.16395913103609247,0.6909136996869055,0.14512716927700114
873,0,1,False,0.17374824548186735,0.6415440122782785,0.1847077422398539
660,0,0,True,0.6268767790803954,0.2016314917653981,0.1714917291542051
23,1,1,True,0.17374824548186735,0.6415440122782785,0.1847077422398539
399,0,0,True,0.6717555875304463,0.1587529239516932,0.169491488517859
1992,0,0,True,0.6717555875304463,0.1587529239516932,0.169491488517859
1469,2,1,False,0.16395913103609247,0.6909136996869055,0.14512716927700114
2376,1,1,True,0.17374824548186735,0.6415440122782785,0.1847077422398539
2402,1,1,True,0.16395913103609247,0.6909136996869055,0.14512716927700114
901,0,1,False,0.1561637730293697,0.7056556654407747,0.13818056152985508
1362,0,1,False,0.17374824548186735,0.6415440122782785,0.1847077422398539
724,0,0,True,0.6542184696639326,0.1695121140888524,0.17626941624721354
1671,1,0,False,0.6717555875304463,0.1587529239516932,0.169491488517859
2070,0,1,False,0.17374824548186735,0.6415440122782785,0.1847077422398539
335,1,1,True,0.17374824548186735,0.6415440122782785,0.1847077422398539
1749,0,0,True,0.6717555875304463,0.1587529239516932,0.169491488517859
2158,1,2,False,0.17855295806224358,0.196268267796044,0.6251787741417126
2204,0,1,False,0.16395913103609247,0.6909136996869055,0.14512716927700114
2033,0,2,False,0.17855295806224358,0.196268267796044,0.6251787741417126
2143,1,1,True,0.17374824548186735,0.6415440122782785,0.1847077422398539
2424,1,0,False,0.6542184696639326,0.1695121140888524,0.17626941624721354
1101,0,1,False,0.1561637730293697,0.7056556654407747,0.13818056152985508
1480,2,2,True,0.17855295806224358,0.196268267796044,0.6251787741417126
1214,0,0,True,0.6717555875304463,0.1587529239516932,0.169491488517859
360,2,2,True,0.22236162011159252,0.15142370706698124,0.6262146728214261
1518,0,2,False,0.22236162011159252,0.15142370706698124,0.6262146728214261
654,0,0,True,0.6542184696639326,0.1695121140888524,0.17626941624721354
2174,2,2,True,0.17855295806224358,0.196268267796044,0.6251787741417126
2477,2,2,True,0.17855295806224358,0.196268267796044,0.6251787741417126
517,2,2,True,0.15865607261384992,0.1316978498537903,0.7096460775323592
